"dataset_id","dataset_digest","review_schema_version","reviewer_id","audit_id","verdict","proposed_kegg_ids","kegg_mappable","confidence","needs_second_review","biological_rationale","supporting_sources","general_notes","complete"
"aaaim-formal-pass1-20260910","64a7eb4de27024da4c94b0b3c8b3ffab5e47a335fb1ee6e5656e280f279c2b7f","aaaim-human-review-v1","","P3EA0055","label_correct","","yes","high","false","The KEGG reaction matches the SBML reaction’s substrates and products.","KEGG db","","true"
"aaaim-formal-pass1-20260910","64a7eb4de27024da4c94b0b3c8b3ffab5e47a335fb1ee6e5656e280f279c2b7f","aaaim-human-review-v1","","P3EA0140","label_correct","","yes","high","false","The KEGG reaction matches the SBML reaction’s substrates and products.","","","true"
"aaaim-formal-pass1-20260910","64a7eb4de27024da4c94b0b3c8b3ffab5e47a335fb1ee6e5656e280f279c2b7f","aaaim-human-review-v1","","P3EA0017","label_correct","","yes","medium","false","The KEGG reaction matches the SBML reaction’s substrates and products.","","","true"
"aaaim-formal-pass1-20260910","64a7eb4de27024da4c94b0b3c8b3ffab5e47a335fb1ee6e5656e280f279c2b7f","aaaim-human-review-v1","","P3EA0032","label_correct","","yes","","false","The KEGG reaction matches the SBML reaction’s substrates and products.","","","true"
"aaaim-formal-pass1-20260910","64a7eb4de27024da4c94b0b3c8b3ffab5e47a335fb1ee6e5656e280f279c2b7f","aaaim-human-review-v1","","P3EA0067","label_correct","","yes","","false","The KEGG reaction matches the SBML reaction’s substrates and products.","","","true"
"aaaim-formal-pass1-20260910","64a7eb4de27024da4c94b0b3c8b3ffab5e47a335fb1ee6e5656e280f279c2b7f","aaaim-human-review-v1","","P3EA0050","label_correct","","yes","high","false","The KEGG reaction matches the SBML reaction’s substrates and products.","","","true"
"aaaim-formal-pass1-20260910","64a7eb4de27024da4c94b0b3c8b3ffab5e47a335fb1ee6e5656e280f279c2b7f","aaaim-human-review-v1","","P3EA0044","label_correct","","yes","high","false","The KEGG reaction matches the SBML reaction’s substrates and products.","","","true"
"aaaim-formal-pass1-20260910","64a7eb4de27024da4c94b0b3c8b3ffab5e47a335fb1ee6e5656e280f279c2b7f","aaaim-human-review-v1","","P3EA0098","label_correct","","yes","","false","The KEGG reaction matches the SBML reaction’s substrates and products.","","","true"
"aaaim-formal-pass1-20260910","64a7eb4de27024da4c94b0b3c8b3ffab5e47a335fb1ee6e5656e280f279c2b7f","aaaim-human-review-v1","","P3EA0059","label_correct","","yes","low","false","The KEGG reaction matches the SBML reaction’s substrates and products.","","","true"
"aaaim-formal-pass1-20260910","64a7eb4de27024da4c94b0b3c8b3ffab5e47a335fb1ee6e5656e280f279c2b7f","aaaim-human-review-v1","","P3EA0068","label_incorrect","R12688","yes","medium","false","The KEGG reaction matches the SBML reaction’s substrates and products.","","","true"
"aaaim-formal-pass1-20260910","64a7eb4de27024da4c94b0b3c8b3ffab5e47a335fb1ee6e5656e280f279c2b7f","aaaim-human-review-v1","","P3EA0087","label_correct","","yes","high","false","The KEGG reaction matches the SBML reaction’s substrates and products.","","","true"
"aaaim-formal-pass1-20260910","64a7eb4de27024da4c94b0b3c8b3ffab5e47a335fb1ee6e5656e280f279c2b7f","aaaim-human-review-v1","","P3EA0052","label_correct","","yes","","false","The KEGG reaction matches the SBML reaction’s substrates and products.","","","true"
"aaaim-formal-pass1-20260910","64a7eb4de27024da4c94b0b3c8b3ffab5e47a335fb1ee6e5656e280f279c2b7f","aaaim-human-review-v1","","P3EA0039","label_correct","","yes","high","false","The KEGG reaction matches the SBML reaction’s substrates and products.","","","true"
"aaaim-formal-pass1-20260910","64a7eb4de27024da4c94b0b3c8b3ffab5e47a335fb1ee6e5656e280f279c2b7f","aaaim-human-review-v1","","P3EA0066","label_correct","","yes","high","false","The KEGG reaction matches the SBML reaction’s substrates and products.","","","true"
"aaaim-formal-pass1-20260910","64a7eb4de27024da4c94b0b3c8b3ffab5e47a335fb1ee6e5656e280f279c2b7f","aaaim-human-review-v1","","P3EA0064","label_incorrect","R00087","yes","medium","false","The KEGG reaction matches the SBML reaction’s substrates and products.","","","true"
"aaaim-formal-pass1-20260910","64a7eb4de27024da4c94b0b3c8b3ffab5e47a335fb1ee6e5656e280f279c2b7f","aaaim-human-review-v1","","P3EA0103","label_correct","","yes","high","false","The KEGG reaction matches the SBML reaction’s substrates and products.","","","true"
"aaaim-formal-pass1-20260910","64a7eb4de27024da4c94b0b3c8b3ffab5e47a335fb1ee6e5656e280f279c2b7f","aaaim-human-review-v1","","P3EA0102","label_correct","","yes","high","false","The KEGG reaction matches the SBML reaction’s substrates and products.","","","true"
"aaaim-formal-pass1-20260910","64a7eb4de27024da4c94b0b3c8b3ffab5e47a335fb1ee6e5656e280f279c2b7f","aaaim-human-review-v1","","P3EA0030","label_incorrect","R09074","yes","medium","false","Proposed KEGG reaction did not include putrescine","","","true"
"aaaim-formal-pass1-20260910","64a7eb4de27024da4c94b0b3c8b3ffab5e47a335fb1ee6e5656e280f279c2b7f","aaaim-human-review-v1","","P3EA0084","label_correct","","yes","medium","false","The KEGG reaction matches the SBML reaction’s substrates and products.","","","true"
"aaaim-formal-pass1-20260910","64a7eb4de27024da4c94b0b3c8b3ffab5e47a335fb1ee6e5656e280f279c2b7f","aaaim-human-review-v1","","P3EA0069","label_correct","","yes","high","false","The KEGG reaction matches the SBML reaction’s substrates and products.","","","true"
"aaaim-formal-pass1-20260910","64a7eb4de27024da4c94b0b3c8b3ffab5e47a335fb1ee6e5656e280f279c2b7f","aaaim-human-review-v1","","P3EA0033","label_correct","","yes","high","false","The KEGG reaction matches the SBML reaction’s substrates and products.","","","true"
"aaaim-formal-pass1-20260910","64a7eb4de27024da4c94b0b3c8b3ffab5e47a335fb1ee6e5656e280f279c2b7f","aaaim-human-review-v1","","P3EA0016","label_correct","","yes","high","false","The KEGG reaction matches the SBML reaction’s substrates and products.","","","true"
"aaaim-formal-pass1-20260910","64a7eb4de27024da4c94b0b3c8b3ffab5e47a335fb1ee6e5656e280f279c2b7f","aaaim-human-review-v1","","P3EA0099","label_correct","","yes","medium","false","The KEGG reaction matches the SBML reaction’s substrates and products.","","","true"
"aaaim-formal-pass1-20260910","64a7eb4de27024da4c94b0b3c8b3ffab5e47a335fb1ee6e5656e280f279c2b7f","aaaim-human-review-v1","","P3EA0042","label_correct","","yes","medium","false","4-(2-Amino-3-hydroxyphenyl)-2,4-dioxobutanoate is the open-chain form of the cyclic xanthurenic acid","","","true"
"aaaim-formal-pass1-20260910","64a7eb4de27024da4c94b0b3c8b3ffab5e47a335fb1ee6e5656e280f279c2b7f","aaaim-human-review-v1","","P3EA0011","label_correct","","yes","medium","false","The KEGG reaction matches the SBML reaction’s substrates and products.","","","true"
"aaaim-formal-pass1-20260910","64a7eb4de27024da4c94b0b3c8b3ffab5e47a335fb1ee6e5656e280f279c2b7f","aaaim-human-review-v1","","P3EA0114","label_correct","","yes","medium","false","The KEGG reaction matches the SBML reaction’s substrates and products.","","","true"
"aaaim-formal-pass1-20260910","64a7eb4de27024da4c94b0b3c8b3ffab5e47a335fb1ee6e5656e280f279c2b7f","aaaim-human-review-v1","","P3EA0082","label_correct","","yes","high","false","The KEGG reaction matches the SBML reaction’s substrates and products.","","","true"
"aaaim-formal-pass1-20260910","64a7eb4de27024da4c94b0b3c8b3ffab5e47a335fb1ee6e5656e280f279c2b7f","aaaim-human-review-v1","","P3EA0104","label_correct","","yes","high","false","The KEGG reaction matches the SBML reaction’s substrates and products.","","","true"
"aaaim-formal-pass1-20260910","64a7eb4de27024da4c94b0b3c8b3ffab5e47a335fb1ee6e5656e280f279c2b7f","aaaim-human-review-v1","","P3EA0027","","","","","false","","","","false"
"aaaim-formal-pass1-20260910","64a7eb4de27024da4c94b0b3c8b3ffab5e47a335fb1ee6e5656e280f279c2b7f","aaaim-human-review-v1","","P3EA0096","label_correct","","yes","high","false","The KEGG reaction matches the SBML reaction’s substrates and products.","","","true"
"aaaim-formal-pass1-20260910","64a7eb4de27024da4c94b0b3c8b3ffab5e47a335fb1ee6e5656e280f279c2b7f","aaaim-human-review-v1","","P3EA0019","label_correct","","yes","high","false","The KEGG reaction matches the SBML reaction’s substrates and products.","","","true"
"aaaim-formal-pass1-20260910","64a7eb4de27024da4c94b0b3c8b3ffab5e47a335fb1ee6e5656e280f279c2b7f","aaaim-human-review-v1","","P3EA0006","label_correct","","yes","high","false","The KEGG reaction matches the SBML reaction’s substrates and products.","","","true"
"aaaim-formal-pass1-20260910","64a7eb4de27024da4c94b0b3c8b3ffab5e47a335fb1ee6e5656e280f279c2b7f","aaaim-human-review-v1","","P3EA0009","label_correct","","yes","medium","false","The KEGG reaction matches the SBML reaction’s substrates and products.","","","true"
"aaaim-formal-pass1-20260910","64a7eb4de27024da4c94b0b3c8b3ffab5e47a335fb1ee6e5656e280f279c2b7f","aaaim-human-review-v1","","P3EA0088","label_correct","","yes","high","false","The KEGG reaction matches the SBML reaction’s substrates and products.","","","true"
"aaaim-formal-pass1-20260910","64a7eb4de27024da4c94b0b3c8b3ffab5e47a335fb1ee6e5656e280f279c2b7f","aaaim-human-review-v1","","P3EA0089","label_correct","","yes","high","false","The KEGG reaction matches the SBML reaction’s substrates and products.","","","true"
"aaaim-formal-pass1-20260910","64a7eb4de27024da4c94b0b3c8b3ffab5e47a335fb1ee6e5656e280f279c2b7f","aaaim-human-review-v1","","P3EA0058","label_correct","","yes","medium","false","The KEGG reaction matches the SBML reaction’s substrates and products.","","","true"
"aaaim-formal-pass1-20260910","64a7eb4de27024da4c94b0b3c8b3ffab5e47a335fb1ee6e5656e280f279c2b7f","aaaim-human-review-v1","","P3EA0062","label_correct","","yes","high","false","The KEGG reaction matches the SBML reaction’s substrates and products.","","","true"
"aaaim-formal-pass1-20260910","64a7eb4de27024da4c94b0b3c8b3ffab5e47a335fb1ee6e5656e280f279c2b7f","aaaim-human-review-v1","","P3EA0065","label_correct","","yes","low","false","The KEGG reaction matches the SBML reaction’s substrates and products.","","","true"
"aaaim-formal-pass1-20260910","64a7eb4de27024da4c94b0b3c8b3ffab5e47a335fb1ee6e5656e280f279c2b7f","aaaim-human-review-v1","","P3EA0074","label_correct","","yes","high","false","The KEGG reaction matches the SBML reaction’s substrates and products.","","","true"
"aaaim-formal-pass1-20260910","64a7eb4de27024da4c94b0b3c8b3ffab5e47a335fb1ee6e5656e280f279c2b7f","aaaim-human-review-v1","","P3EA0094","label_correct","","yes","high","false","The KEGG reaction matches the SBML reaction’s substrates and products.","","","true"
"aaaim-formal-pass1-20260910","64a7eb4de27024da4c94b0b3c8b3ffab5e47a335fb1ee6e5656e280f279c2b7f","aaaim-human-review-v1","","P3EA0008","multiple_defensible_annotations","","yes","high","false","The KEGG reactions match the SBML reaction’s substrates and products.","","","true"
"aaaim-formal-pass1-20260910","64a7eb4de27024da4c94b0b3c8b3ffab5e47a335fb1ee6e5656e280f279c2b7f","aaaim-human-review-v1","","P3EA0007","label_correct","","yes","high","false","The KEGG reaction matches the SBML reaction’s substrates and products.","","","true"
"aaaim-formal-pass1-20260910","64a7eb4de27024da4c94b0b3c8b3ffab5e47a335fb1ee6e5656e280f279c2b7f","aaaim-human-review-v1","","P3EA0070","label_correct","","yes","high","false","The KEGG reaction matches the SBML reaction’s substrates and products.","","","true"
"aaaim-formal-pass1-20260910","64a7eb4de27024da4c94b0b3c8b3ffab5e47a335fb1ee6e5656e280f279c2b7f","aaaim-human-review-v1","","P3EA0054","label_incorrect","R01070","yes","high","false","R01015 does not contain FBP. 
R01070 matches the SBML reaction’s substrates and products.","","","true"
"aaaim-formal-pass1-20260910","64a7eb4de27024da4c94b0b3c8b3ffab5e47a335fb1ee6e5656e280f279c2b7f","aaaim-human-review-v1","","P3EA0152","label_correct","","yes","high","false","The KEGG reaction matches the SBML reaction’s substrates and products.","","","true"
"aaaim-formal-pass1-20260910","64a7eb4de27024da4c94b0b3c8b3ffab5e47a335fb1ee6e5656e280f279c2b7f","aaaim-human-review-v1","","P3EA0001","multiple_defensible_annotations","","yes","high","false","The KEGG reactions match the SBML reaction’s substrates and products.","","","true"
"aaaim-formal-pass1-20260910","64a7eb4de27024da4c94b0b3c8b3ffab5e47a335fb1ee6e5656e280f279c2b7f","aaaim-human-review-v1","","P3EA0078","label_correct","","yes","high","false","The KEGG reaction matches the SBML reaction’s substrates and products.","","","true"
"aaaim-formal-pass1-20260910","64a7eb4de27024da4c94b0b3c8b3ffab5e47a335fb1ee6e5656e280f279c2b7f","aaaim-human-review-v1","","P3EA0075","label_correct","","yes","high","false","Glycerone phosphate + D-Glyceraldehyde 3-phosphate","","","true"
"aaaim-formal-pass1-20260910","64a7eb4de27024da4c94b0b3c8b3ffab5e47a335fb1ee6e5656e280f279c2b7f","aaaim-human-review-v1","","P3EA0057","label_correct","","yes","medium","false","The KEGG reaction matches the SBML reaction’s substrates and products.","","","true"
"aaaim-formal-pass1-20260910","64a7eb4de27024da4c94b0b3c8b3ffab5e47a335fb1ee6e5656e280f279c2b7f","aaaim-human-review-v1","","P3EA0090","label_correct","","yes","high","false","The KEGG reaction matches the SBML reaction’s substrates and products.","","","true"
"aaaim-formal-pass1-20260910","64a7eb4de27024da4c94b0b3c8b3ffab5e47a335fb1ee6e5656e280f279c2b7f","aaaim-human-review-v1","","P3EA0073","label_correct","","yes","high","false","The KEGG reaction matches the SBML reaction’s substrates and products.","","","true"
"aaaim-formal-pass1-20260910","64a7eb4de27024da4c94b0b3c8b3ffab5e47a335fb1ee6e5656e280f279c2b7f","aaaim-human-review-v1","","P3EA0063","label_correct","","yes","high","false","The KEGG reaction matches the SBML reaction’s substrates and products.","","","true"
"aaaim-formal-pass1-20260910","64a7eb4de27024da4c94b0b3c8b3ffab5e47a335fb1ee6e5656e280f279c2b7f","aaaim-human-review-v1","","P3EA0051","label_incorrect","R02948","yes","high","false","The KEGG reaction did not match the SBML reaction’s substrates and products.","","","true"
"aaaim-formal-pass1-20260910","64a7eb4de27024da4c94b0b3c8b3ffab5e47a335fb1ee6e5656e280f279c2b7f","aaaim-human-review-v1","","P3EA0118","label_correct","","yes","high","false","The KEGG reaction matches the SBML reaction’s substrates and products.","","","true"
"aaaim-formal-pass1-20260910","64a7eb4de27024da4c94b0b3c8b3ffab5e47a335fb1ee6e5656e280f279c2b7f","aaaim-human-review-v1","","P3EA0043","label_correct","","yes","high","false","The KEGG reaction matches the SBML reaction’s substrates and products.","","","true"
"aaaim-formal-pass1-20260910","64a7eb4de27024da4c94b0b3c8b3ffab5e47a335fb1ee6e5656e280f279c2b7f","aaaim-human-review-v1","","P3EA0025","","","","","false","","","","false"
"aaaim-formal-pass1-20260910","64a7eb4de27024da4c94b0b3c8b3ffab5e47a335fb1ee6e5656e280f279c2b7f","aaaim-human-review-v1","","P3EA0002","multiple_defensible_annotations","","yes","high","false","The KEGG reactions match the SBML reaction’s substrates and products.","","","true"
"aaaim-formal-pass1-20260910","64a7eb4de27024da4c94b0b3c8b3ffab5e47a335fb1ee6e5656e280f279c2b7f","aaaim-human-review-v1","","P3EA0101","label_correct","","yes","high","false","The KEGG reaction matches the SBML reaction’s substrates and products.","","","true"
"aaaim-formal-pass1-20260910","64a7eb4de27024da4c94b0b3c8b3ffab5e47a335fb1ee6e5656e280f279c2b7f","aaaim-human-review-v1","","P3EA0056","label_incorrect","R01771","yes","high","false","phosohomoserine missing from R01775","","","true"
"aaaim-formal-pass1-20260910","64a7eb4de27024da4c94b0b3c8b3ffab5e47a335fb1ee6e5656e280f279c2b7f","aaaim-human-review-v1","","P3EA0150","label_correct","","yes","high","false","The KEGG reaction matches the SBML reaction’s substrates and products.","","","true"
